"piece"|"acteur"
Frédérick ou le Boulevard du Crime|Thierry Berte
Frédérick ou le Boulevard du Crime|Virginie Delzenne
Frédérick ou le Boulevard du Crime|Marjorie Grosse
Frédérick ou le Boulevard du Crime|Jean-Pierre Williame
Frédérick ou le Boulevard du Crime|Gautier Pettiaux
Frédérick ou le Boulevard du Crime|Philippe Duthie
Frédérick ou le Boulevard du Crime|Nathan Leclercq
Frédérick ou le Boulevard du Crime|Bruno Destrebecq
Frédérick ou le Boulevard du Crime|Thomas Spinette
Frédérick ou le Boulevard du Crime|Hugo Bonte
Frédérick ou le Boulevard du Crime|Catherine Jarry
Frédérick ou le Boulevard du Crime|Pascal Overlau
Frédérick ou le Boulevard du Crime|Luc Van Hecke
Frédérick ou le Boulevard du Crime|Philippe Spinette
Frédérick ou le Boulevard du Crime|Raphaël Deschrijver
Frédérick ou le Boulevard du Crime|Annick Picron
Frédérick ou le Boulevard du Crime|Magali Duquesne
Frédérick ou le Boulevard du Crime|Stacy Baligand
Frédérick ou le Boulevard du Crime|Lydie Baligand
Frédérick ou le Boulevard du Crime|Georgy Baligand
Frédérick ou le Boulevard du Crime|Jonathan Jamaert
La Traversée de Paris|Murielle Bottequin
La Traversée de Paris|Isabelle Choquet
La Traversée de Paris|Bruno Destrebecq
La Traversée de Paris|Stéphane Vandenborre
La Traversée de Paris|Magali Duquesne
La Traversée de Paris|Marie Defraeye
La Traversée de Paris|Guillaume Boudart
La Traversée de Paris|Kévin Boudart
La Traversée de Paris|Luc Van Hecke
La Traversée de Paris|Nicolas Deltour
La Traversée de Paris|Jean-François Donné
La Traversée de Paris|Alain Deramaix
La Traversée de Paris|Audrey Van Hecke
La Traversée de Paris|Azilys Deblomme
La Traversée de Paris|Philippe Spinette
La Traversée de Paris|Sophie Decaestecker
La Traversée de Paris|Pascal Overlau
La Traversée de Paris|Gautier Pettiaux
C'est Jean Moulin qui a gagné|Anne-Sophie Blecic
C'est Jean Moulin qui a gagné|Pauline Blyau
C'est Jean Moulin qui a gagné|Sébastien Bossu
C'est Jean Moulin qui a gagné|Eric Bronchart
C'est Jean Moulin qui a gagné|François Bruynbroeck
C'est Jean Moulin qui a gagné|Fanny Coulon
C'est Jean Moulin qui a gagné|Marie-Charlotte Cousin
C'est Jean Moulin qui a gagné|Manon Dath
C'est Jean Moulin qui a gagné|Laurie Degand
C'est Jean Moulin qui a gagné|Anna Dejonckheere
C'est Jean Moulin qui a gagné|Virginie Delzenne
C'est Jean Moulin qui a gagné|Aurélien Descamps
C'est Jean Moulin qui a gagné|Bruno Destrebecq
C'est Jean Moulin qui a gagné|Maya Drachman
C'est Jean Moulin qui a gagné|Cassandre Dumont
C'est Jean Moulin qui a gagné|Magali Duquesne
C'est Jean Moulin qui a gagné|Philippe Duthie
C'est Jean Moulin qui a gagné|Coralie Fontaine
C'est Jean Moulin qui a gagné|Simon Fourmentin
C'est Jean Moulin qui a gagné|Antoine Graulich
C'est Jean Moulin qui a gagné|Nicole Haubruge
C'est Jean Moulin qui a gagné|Lionel Hennuyez
C'est Jean Moulin qui a gagné|Sophie Jacquet
C'est Jean Moulin qui a gagné|Boris Kondov
C'est Jean Moulin qui a gagné|Sabine Lessens
C'est Jean Moulin qui a gagné|Lucie Marlière
C'est Jean Moulin qui a gagné|Baptiste Meulenijser
C'est Jean Moulin qui a gagné|Chloé Overlau
C'est Jean Moulin qui a gagné|Gautier Pettiaux
C'est Jean Moulin qui a gagné|Marie-Virginie Tricarico
C'est Jean Moulin qui a gagné|Luc Van Hecke
C'est Jean Moulin qui a gagné|Bernadette Verocq
C'est Jean Moulin qui a gagné|Edwin Van Wesemael
C'est Jean Moulin qui a gagné|Caroline Warniez
C'est Jean Moulin qui a gagné|Jean-Pierre Williame
Impair et père|Jean-François Donné
Impair et père|Pierre Wuidart
Impair et père|Cécile Lambotte
Impair et père|Alain Deramaix
Impair et père|Magali Nkiani
Impair et père|Luc Van Hecke
Impair et père|Mary Widar
Impair et père|Anna Dejonckheere
Impair et père|Valentin Vanstechelman
Impair et père|Kévin Ecobecq
Impair et père|Jean Dumoulin
Impair et père|Isabelle Ninove
La jeune première|Emmanuelle Papleux
La jeune première|Isabelle Delander
La jeune première|Manon Dath
La jeune première|Coralie Fontaine
La jeune première|Lucas Ruysschaert
La jeune première|Eugénie Graulich
La jeune première|Alan Leone
La jeune première|Eric Bronchart
La jeune première|Marie-Christelle Demarez
La jeune première|Pauline Pondeville
La jeune première|Joséphine Rousseau
La jeune première|Florent Defossé
La jeune première|Emilienne Van Acker
La jeune première|Barbara Lefèvre
La jeune première|Laure Wellens
La jeune première|Quentin Boulet
La Puce à l'Oreille|Valentine Coppens
La Puce à l'Oreille|Marjorie Grosse
La Puce à l'Oreille|Valérie Hovine
La Puce à l'Oreille|Murielle Bottequin
La Puce à l'Oreille|Sonia Cantineau
La Puce à l'Oreille|Nicolas Deltour
La Puce à l'Oreille|Sébastien Bossu
La Puce à l'Oreille|Quentin Minon
La Puce à l'Oreille|Geoffrey Boisdenghien
La Puce à l'Oreille|Jean-Pierre Williame
La Puce à l'Oreille|Kévin Ecobecq
La Puce à l'Oreille|Frédéric Susant
La Puce à l'Oreille|Quentin Dekeyser
La Puce à l'Oreille|Louis David
Espèces menacées|Barbara Lefèvre
Espèces menacées|Nicolas Deltour
Espèces menacées|Valérie Hovine
Espèces menacées|Kévin Ecobecq
Espèces menacées|Marjorie Grosse
Espèces menacées|Philippe Duthie
Espèces menacées|Eric Bronchart
Espèces menacées|Lionel Hennuyez
La fabuleuse aventure du cirque Traviata|Virginie Delzenne
La fabuleuse aventure du cirque Traviata|Sabine Lessens
La fabuleuse aventure du cirque Traviata|Bernadette Verocq
La fabuleuse aventure du cirque Traviata|Bruno Destrebecq
La fabuleuse aventure du cirque Traviata|Jean-Pierre Williame
La fabuleuse aventure du cirque Traviata|Pierre Wuidart
La fabuleuse aventure du cirque Traviata|Manon Dath
La fabuleuse aventure du cirque Traviata|Cassandre Dumont
La fabuleuse aventure du cirque Traviata|Chloé Overlau
La fabuleuse aventure du cirque Traviata|Anne-Sophie Blecic
La fabuleuse aventure du cirque Traviata|Magali Duquesne
La fabuleuse aventure du cirque Traviata|Anna Dejonckheere
La fabuleuse aventure du cirque Traviata|François Bruynbroeck
La fabuleuse aventure du cirque Traviata|Fanny Coulon
La fabuleuse aventure du cirque Traviata|Kévin Boudart
La fabuleuse aventure du cirque Traviata|Maureen Merchiers
La fabuleuse aventure du cirque Traviata|Valentin Vanstechelman
La fabuleuse aventure du cirque Traviata|Alysson Dorts
La fabuleuse aventure du cirque Traviata|Marjorie Grosse
La fabuleuse aventure du cirque Traviata|Victor Dath
La fabuleuse aventure du cirque Traviata|Bénédicte Demuynck
La fabuleuse aventure du cirque Traviata|Amandine Vanovervelt
La fabuleuse aventure du cirque Traviata|Cyrielle Dewaele
La fabuleuse aventure du cirque Traviata|Miguel Uriagli
La fabuleuse aventure du cirque Traviata|Jean Dumoulin
La fabuleuse aventure du cirque Traviata|Gautier Pettiaux
La fabuleuse aventure du cirque Traviata|Baptiste Meulenijser
La fabuleuse aventure du cirque Traviata|Sarah Deleeuw
La fabuleuse aventure du cirque Traviata|Marine Rasneur
La fabuleuse aventure du cirque Traviata|Sarah Joseph
La fabuleuse aventure du cirque Traviata|Antoine Dath
La fabuleuse aventure du cirque Traviata|Edwin Van Wesemael
La fabuleuse aventure du cirque Traviata|Amélie Francq
La fabuleuse aventure du cirque Traviata|Boris Van Acker
La fabuleuse aventure du cirque Traviata|Antoine Aupaix
La fabuleuse aventure du cirque Traviata|Antoine Dejonckheere
La fabuleuse aventure du cirque Traviata|Valérie Ravez
Le Capitaine Fracasse|Bruno Destrebecq
Le Capitaine Fracasse|Anna Dejonckheere
Le Capitaine Fracasse|Sébastien Bossu
Le Capitaine Fracasse|Eugénie Graulich
Le Capitaine Fracasse|Lionel Hennuyez
Le Capitaine Fracasse|Marie-Christelle Demarez
Le Capitaine Fracasse|Quentin Dekeyser
Le Capitaine Fracasse|Maureen Merchiers
Le Capitaine Fracasse|Valentin Vanstechelman
Le Capitaine Fracasse|Edwin Van Wesemael
Le Capitaine Fracasse|Stéphane Vandenborre
Le Capitaine Fracasse|Caroline Vertenoeil
Le Capitaine Fracasse|Eric Bronchart
Le Capitaine Fracasse|Baptiste Meulenijser
Le Capitaine Fracasse|Magali Nkiani
Le Capitaine Fracasse|J. Lievens-Demeyere
Le Capitaine Fracasse|Luc Van Hecke
Le Capitaine Fracasse|Anaïs Duthie
Le Capitaine Fracasse|Guillaume Boudart
Le Capitaine Fracasse|Aurélien Descamps
Le Capitaine Fracasse|Stéphanie Deconinck
Le Capitaine Fracasse|Lucie Marlière
Le Capitaine Fracasse|Alysson Dorts
Le Capitaine Fracasse|Marie-Sophie Dheur
Le Capitaine Fracasse|Nicole Haubruge
Le Capitaine Fracasse|Frédéric Susant
Le Capitaine Fracasse|Stéphanie Dheur
Le Capitaine Fracasse|Jean Dumoulin
Les palmes de monsieur Schutz|Philippe Duthie
Les palmes de monsieur Schutz|Yves Dath
Les palmes de monsieur Schutz|Bernadette Verocq
Les palmes de monsieur Schutz|Catherine Jarry
Les palmes de monsieur Schutz|Alain Deramaix
Les palmes de monsieur Schutz|Jean-Pierre Williame
Transports de femmes|Laurie Degand
Transports de femmes|Murielle Bottequin
Transports de femmes|Coralie Fontaine
Transports de femmes|Cécile Lambotte
Transports de femmes|Isabelle Ninove
Transports de femmes|Emilienne Van Acker
Transports de femmes|Jean-François Donné
Transports de femmes|Quentin Minon
Transports de femmes|Lucas Ruysschaert
Transports de femmes|Edwin Van Wesemael
Bossemans et Coppenolle|Mary Widar
Bossemans et Coppenolle|Kévin Ecobecq
Bossemans et Coppenolle|Jean-Pierre Williame
Bossemans et Coppenolle|Luc Van Hecke
Bossemans et Coppenolle|Laure Tourneur
Bossemans et Coppenolle|Alain Deramaix
Bossemans et Coppenolle|Jean-François Voets
Bossemans et Coppenolle|Isabelle Delander
Bossemans et Coppenolle|Catherine Jarry
Bossemans et Coppenolle|Anne Jarry
Bossemans et Coppenolle|Aurélie Delière
Bossemans et Coppenolle|Sonia Cantineau
Je veux voir Mioussov|Yves Dath
Je veux voir Mioussov|Bernadette Verocq
Je veux voir Mioussov|Sabine Lessens
Je veux voir Mioussov|Nicolas Deltour
Je veux voir Mioussov|Anne-Françoise Laine
Je veux voir Mioussov|Philippe Duthie
Je veux voir Mioussov|Stéphane Vandenborre
Je veux voir Mioussov|Isabelle Choquet
Je veux voir Mioussov|Bruno Destrebecq
Je veux voir Mioussov|Delphine Voets
Je veux voir Mioussov|Lydie Cantineau
Je veux voir Mioussov|Jean-Pierre Williame
La dame de chez Maxim's|Sébastien Bossu
La dame de chez Maxim's|Maïté Dignef
La dame de chez Maxim's|Jean-François Donné
La dame de chez Maxim's|Monique Berbé
La dame de chez Maxim's|Virginie Delzenne
La dame de chez Maxim's|Jean-Pierre Williame
La dame de chez Maxim's|Kévin Boudart
La dame de chez Maxim's|Guillaume Boudart
La dame de chez Maxim's|Axel Foucart
La dame de chez Maxim's|Pierre Wuidart
La dame de chez Maxim's|Jean-François Massy
La dame de chez Maxim's|Baptiste Meulenijser
La dame de chez Maxim's|Bernadette Verocq
La dame de chez Maxim's|Isabelle Choquet
La dame de chez Maxim's|Sabine Lessens
La dame de chez Maxim's|Anne-Françoise Laine
La dame de chez Maxim's|Anne Jarry
La dame de chez Maxim's|Eric Bronchart
La dame de chez Maxim's|Mireille Borkowski
La dame de chez Maxim's|Séverine Surquin
La dame de chez Maxim's|Marie Defraeye
La dame de chez Maxim's|Cécile Lambotte
La dame de chez Maxim's|Alix Rulot
La dame de chez Maxim's|Lionel Hennuyez
La dame de chez Maxim's|Frédérique Meulewaeter
La dame de chez Maxim's|Marie-Rose Dumont
La dame de chez Maxim's|Aurélien Descamps
La dame de chez Maxim's|Anne-Sophie Collard
La dame de chez Maxim's|Quentin Dekeyser
La dame de chez Maxim's|Geoffrey Dereppe
La dame de chez Maxim's|Bruno Destrebecq
La dame de chez Maxim's|Stéphane Vandenborre
La dame de chez Maxim's|Catherine Jarry
Les amazones|Geoffrey Boisdenghien
Les amazones|Lucas Ruysschaert
Les amazones|Murielle Bottequin
Les amazones|Magali Duquesne
Les amazones|Marjorie Grosse
Oscar et la dame en rose|Murielle Bottequin
Oscar et la dame en rose|Valentin Vanstechelman
Oscar et la dame en rose|Emilienne Van Acker
Oscar et la dame en rose|Gautier Pettiaux
Oscar et la dame en rose|Eugénie Graulich
Oscar et la dame en rose|Edwin Van Wesemael
Oscar et la dame en rose|Anne-Catherine André
Oscar et la dame en rose|Antoine Dejonckheere
Oscar et la dame en rose|Nicole Haubruge
Oscar et la dame en rose|Félix Teichmann
Oscar et la dame en rose|Caroline Vertenoeil
Oscar et la dame en rose|Antoine Aupaix
Oscar et la dame en rose|Bernadette Verocq
Oscar et la dame en rose|Antoine Dath
Oscar et la dame en rose|Alysson Dorts
Oscar et la dame en rose|Valérie Ravez
Oscar et la dame en rose|Bénédicte Demuynck
Oscar et la dame en rose|Magali Nkiani
Oscar et la dame en rose|Philippe Spinette
Oscar et la dame en rose|Kévin Boudart
Oscar et la dame en rose|Guillaume Boudart
Oscar et la dame en rose|Christine Cantraine
Oscar et la dame en rose|Eric Bronchart
Oscar et la dame en rose|Anaïs Duthie
Oscar et la dame en rose|Maureen Merchiers
Oscar et la dame en rose|Sarah Joseph
Oscar et la dame en rose|Philippe Duthie
Amadeus|Jean-François Donné
Amadeus|Stéphane Vandenborre
Amadeus|Laurie Degand
Amadeus|Lionel Hennuyez
Amadeus|Tom Balfroid
Amadeus|Philippe Spinette
Amadeus|Luc Van Hecke
Amadeus|Sarah Deleeuw
Amadeus|Laurence Duhayon
Amadeus|Isabelle Havaux
Amadeus|Sephora Ghyselings
Amadeus|Laure Jacquet
Amadeus|Lucie Heck
Amadeus|Odile Velghe
Amadeus|Marion Arend
Amadeus|Sarah Joseph
Amadeus|Auriane Foucart
Amadeus|Chloé Vandamme
Amadeus|Antoine Aupaix
Amadeus|Florent Malice
Amadeus|Guillaume Boudart
Amadeus|Kévin Boudart
Amadeus|Roxane Rasneur
Amadeus|Camille Bienvenu
Amadeus|Alysson Barnich
3 lits pour 8|Christine Cantraine
3 lits pour 8|Bruno Destrebecq
3 lits pour 8|Félix Teichmann
3 lits pour 8|Justine Lenelle
3 lits pour 8|Murielle Bottequin
3 lits pour 8|Nicolas Deltour
3 lits pour 8|Valérie Ravez
3 lits pour 8|Antoine Dath
Sorry je ne fais que passer|Philippe Duthie
Sorry je ne fais que passer|Pascal Overlau
Sorry je ne fais que passer|Kévin Ecobecq
Sorry je ne fais que passer|Geoffrey Boisdenghien
Sorry je ne fais que passer|Edwin Van Wesemael
Sorry je ne fais que passer|Kévin Boudart
Sorry je ne fais que passer|Chloé Overlau
Sorry je ne fais que passer|Marjorie Grosse
Sorry je ne fais que passer|Emilienne Van Acker
Sorry je ne fais que passer|Manon Dath
Cyrano de Bergerac|Catherine Jarry
Cyrano de Bergerac|Thierry Berte
Cyrano de Bergerac|Tom Balfroid
Cyrano de Bergerac|Jean-François Donné
Cyrano de Bergerac|Alain Deramaix
Cyrano de Bergerac|Kévin Ecobecq
Cyrano de Bergerac|Martine Dupriez
Cyrano de Bergerac|Luc Van Hecke
Cyrano de Bergerac|Philippe Duthie
Cyrano de Bergerac|Bruno Destrebecq
Cyrano de Bergerac|Marisa Mathieu
Cyrano de Bergerac|Justine Ghiat
Cyrano de Bergerac|Chloé Vandamme
Cyrano de Bergerac|Paul Labrique
Cyrano de Bergerac|Dominique Cochez
Cyrano de Bergerac|Marion Arend
Cyrano de Bergerac|Sarah Joseph
Cyrano de Bergerac|Stéphane Vandenborre
Cyrano de Bergerac|Florent Malice
Cyrano de Bergerac|Lucie Marlière
Cyrano de Bergerac|Laure Jacquet
Cyrano de Bergerac|Charline Merchiers
Cyrano de Bergerac|Stéphanie Deconinck
Cyrano de Bergerac|Camille Bienvenu
Cyrano de Bergerac|Roxane Rasneur
Cyrano de Bergerac|Anaïs Duthie
Cyrano de Bergerac|Mathieu Coton
Cyrano de Bergerac|Sephora Ghyselings
Cyrano de Bergerac|Camille Arend
Cyrano de Bergerac|Lionel Hennuyez
Cyrano de Bergerac|Odile Velghe
Cyrano de Bergerac|Kévin Boudart
Cyrano de Bergerac|Guillaume Boudart
Cyrano de Bergerac|Philippe Spinette
Cyrano de Bergerac|Timothée Yannart
Frou frou les bains|Lydie Cantineau
Frou frou les bains|Valentine Coppens
Frou frou les bains|Virginie Delzenne
Frou frou les bains|Axel Foucart
Frou frou les bains|Lionel Hennuyez
Frou frou les bains|Stéphane Vandenborre
Frou frou les bains|Bernadette Verocq
Frou frou les bains|Luc Van Hecke
Frou frou les bains|Pierre Wuidart
Lettres croisées|Geoffrey Boisdenghien
Lettres croisées|Simon Fourmentin
Lettres croisées|Chloé Overlau
Lettres croisées|Magali Duquesne
Lettres croisées|Gautier Pettiaux
Lettres croisées|Anne-Sophie Blecic
Lettres croisées|Timothée Yannart
Lettres croisées|Anna Dejonckheere
Lettres croisées|Manon Dath
Le projet Laramie|Laurie Degand
Le projet Laramie|Valentin Vanstechelman
Le projet Laramie|Frédéric Susant
Le projet Laramie|Lucie Marlière
Le projet Laramie|Edwin Van Wesemael
Le projet Laramie|Aurélien Cornil
Le projet Laramie|Stéphanie Deconinck
Le projet Laramie|Baptiste Meulenijser
Le projet Laramie|Miguel Uriagli
Le projet Laramie|Lucas Ruysschaert
Le projet Laramie|Sarah Joseph
Le projet Laramie|Cassandre Dumont
Le projet Laramie|Audrey Van Hecke
Le projet Laramie|Amandine Vanovervelt
Le saut du lit|Bernadette Verocq
Le saut du lit|Stéphane Vandenborre
Le saut du lit|Manon Dath
Le saut du lit|Christine Cantraine
Le saut du lit|Yves Dath
Le saut du lit|Bruno Destrebecq
Le saut du lit|Geoffrey Boisdenghien
Le saut du lit|Anne Jarry
Le saut du lit|Virginie Delzenne
Madame Doubtfire|Murielle Bottequin
Madame Doubtfire|Maïté Dignef
Madame Doubtfire|Martine Dupriez
Madame Doubtfire|Magali Duquesne
Madame Doubtfire|Anaïs Duthie
Madame Doubtfire|Christine Tiberi
Madame Doubtfire|Jeanne Eloi
Madame Doubtfire|Guillaume Boudart
Madame Doubtfire|Eric Bronchart
Madame Doubtfire|Axel Foucart
Madame Doubtfire|Florimont
Madame Doubtfire|Lionel Hennuyez
Madame Doubtfire|Philippe Spinette
Madame Doubtfire|Thomas Spinette
Yves Dath dit Brel|Sébastien Bossu
Yves Dath dit Brel|Lydie Cantineau
Yves Dath dit Brel|Manon Dath
Yves Dath dit Brel|Antoine Dath
Yves Dath dit Brel|Victor Dath
Yves Dath dit Brel|Yves Dath
Yves Dath dit Brel|Virginie Delzenne
Yves Dath dit Brel|Alain Deramaix
Yves Dath dit Brel|Bruno Destrebecq
Yves Dath dit Brel|Philippe Duthie
Yves Dath dit Brel|Catherine Jarry
Yves Dath dit Brel|Sabine Lessens
Yves Dath dit Brel|Bernadette Verocq
Les Justes|Isabelle Choquet
Les Justes|Alain Deramaix
Les Justes|Bruno Destrebecq
Les Justes|Jean-François Donné
Les Justes|Philippe Duthie
Les Justes|Lionel Hennuyez
Les Justes|Catherine Jarry
Les Justes|Luc Van Hecke
Les Justes|Jean-Pierre Williame
Un vrai bonheur|Maïté Dignef
Un vrai bonheur|Nicolas Deltour
Un vrai bonheur|Chloé Overlau
Un vrai bonheur|Pierre Wuidart
Un vrai bonheur|Laurie Degand
Un vrai bonheur|Stéphane Vandenborre
Un vrai bonheur|Anna Dejonckheere
Un vrai bonheur|Simon Fourmentin
Un vrai bonheur|Geoffrey Boisdenghien
Un vrai bonheur|Valentine Coppens
Un vrai bonheur|Isabelle Delander
Un vrai bonheur|Valentin Vanstechelman
Arsenic et vieilles dentelles|Thierry Berte
Arsenic et vieilles dentelles|Lydie Cantineau
Arsenic et vieilles dentelles|Sonia Cantineau
Arsenic et vieilles dentelles|Alain Deramaix
Arsenic et vieilles dentelles|Geoffrey Dereppe
Arsenic et vieilles dentelles|Bruno Destrebecq
Arsenic et vieilles dentelles|Philippe Duthie
Arsenic et vieilles dentelles|Simon Fourmentin
Arsenic et vieilles dentelles|Lionel Hennuyez
Arsenic et vieilles dentelles|Frédérique Meulewaeter
Arsenic et vieilles dentelles|Frédéric Susant
Arsenic et vieilles dentelles|Stéphane Vandenborre
Arsenic et vieilles dentelles|Amandine Vanovervelt
Arsenic et vieilles dentelles|Jean-Pierre Williame
Comédiens.com|Stéphanie Deconinck
Comédiens.com|Eline Demuynck
Comédiens.com|Maya Drachman
Comédiens.com|Jeanne Eloi
Comédiens.com|Laure Jacquet
Comédiens.com|Sarah Joseph
Comédiens.com|Lola Malluquin
Comédiens.com|Lysis Mettens
Comédiens.com|Lily Moreau
Comédiens.com|Marine Rasneur
Comédiens.com|Valérie Ravez
Comédiens.com|Audrey Van Hecke
Comédiens.com|Antoine Aupaix
Comédiens.com|Mathieu Coton
Comédiens.com|Antoine Dath
Comédiens.com|Nathan Leclercq
Comédiens.com|Timothée Yannart
Les belles sœurs|Gautier Pettiaux
Les belles sœurs|Christine Cantraine
Les belles sœurs|Philippe Spinette
Les belles sœurs|Murielle Bottequin
Les belles sœurs|Christel Boulanger
Les belles sœurs|Florimont
Les belles sœurs|Laure Jacquet
Un petit jeu sans conséquence|Laurence Duhayon
Un petit jeu sans conséquence|Anaïs Duthie
Un petit jeu sans conséquence|Magali Duquesne
Un petit jeu sans conséquence|Geoffrey Boisdenghien
Un petit jeu sans conséquence|Valentin Vanstechelman
Les hommes préfèrent mentir|Marion Arend
Les hommes préfèrent mentir|Julie Endrenyi
Les hommes préfèrent mentir|Laure Jacquet
Les hommes préfèrent mentir|Forence Wiot
Les hommes préfèrent mentir|Mathieu Coton
Les hommes préfèrent mentir|Pierre Durand
Les hommes préfèrent mentir|Timothée Yannart
Panique au ministère|Maya Drachman
Panique au ministère|Murielle Bottequin
Panique au ministère|Christine Cantraine
Panique au ministère|Virginie Delzenne
Panique au ministère|Nathan Leclercq
Panique au ministère|Luc Van Hecke
Le tour du monde en 80 jours|Catherine Jarry
Le tour du monde en 80 jours|Florimont
Le tour du monde en 80 jours|Gautier Pettiaux
Le tour du monde en 80 jours|Geoffrey Boisdenghien
Le tour du monde en 80 jours|Jean-Pierre Williame
L'inédit de Molière|Coline Devos
L'inédit de Molière|Mathilde Parmentier
L'inédit de Molière|Julie Endrenyi
L'inédit de Molière|Mathieu Coton
L'inédit de Molière|Pierre Durand
L'inédit de Molière|Nathan Leclercq
L'inédit de Molière|Timothée Yannart
Le visiteur|Nadège Van Hecke
Le visiteur|Luc Van Hecke
Le visiteur|Florimont
Le visiteur|Philippe Spinette
Oui, mais...|Marion Arend
Oui, mais...|Colette Godfrin
Oui, mais...|Annick Picron
Oui, mais...|Marie-Aline Echterbille
Oui, mais...|Lydie Baligand
Oui, mais...|Pierre Perek
Oui, mais...|Emeline Vanackere
Oui, mais...|Mery Caufriez
Oui, mais...|Isabelle Choquet
Oui, mais...|Alexandra Tartini
Oui, mais...|Laurence Duhayon
Parle-moi d'amour|Bernadette Verocq
Parle-moi d'amour|Yves Dath
Parle-moi d'amour|Manon Dath
Parle-moi d'amour|Victor Dath
Silences en coulisses|Murielle Bottequin
Silences en coulisses|Anna Dejonckheere
Silences en coulisses|Bruno Destrebecq
Silences en coulisses|Laurence Duhayon
Silences en coulisses|Magali Duquesne
Silences en coulisses|Philippe Duthie
Silences en coulisses|Pascal Overlau
Silences en coulisses|Gautier Pettiaux
Silences en coulisses|Jean-Pierre Williame
Cinq filles couleur pêche|Manon Dath
Cinq filles couleur pêche|Maïté Dignef
Cinq filles couleur pêche|Magali Duquesne
Cinq filles couleur pêche|Marjorie Grosse
Cinq filles couleur pêche|Chloé Overlau
Cinq filles couleur pêche|Geoffrey Boisdenghien
Coiffure pour dames|Marion Arend
Coiffure pour dames|Monique Berbé
Coiffure pour dames|Isabelle Choquet
Coiffure pour dames|Laurence Duhayon
Coiffure pour dames|Marjorie Grosse
Coiffure pour dames|Alexandra Tartini
La belle histoire 2|Virginie Delzenne
La belle histoire 2|Sabine Lessens
La belle histoire 2|Bruno Destrebecq
La belle histoire 2|Damien Pieters
La Vague|Thomas Spinette
La Vague|Louise Dumont
La Vague|Raja Mannane
La Vague|Sophie Decaestecker
La Vague|Céline François
La Vague|Alice Briegleb
La Vague|Lorry Beth
La Vague|Romain Massy
La Vague|Nicolas André
La Vague|Estelle Cotton
La Vague|Cyrille Chevalier
La Vague|Flavio Milville
La Vague|Loïce Gandibleux
La Vague|Amandine Legrand
La Vague|Margaux Mesotten
La Vague|Thomas De Muijlder
La Vague|Jeanne Hoegener
Mademoiselle Julie|Christel Boulanger
Mademoiselle Julie|Virginie Delzenne
Mademoiselle Julie|Bruno Destrebecq
J'aime beaucoup ce que vous faites|Laurence Duhayon
J'aime beaucoup ce que vous faites|Maïté Dignef
J'aime beaucoup ce que vous faites|Geoffrey Boisdenghien
J'aime beaucoup ce que vous faites|Gautier Pettiaux
Sortie de scène|Manon Dath
Sortie de scène|Bernadette Verocq
Sortie de scène|Thierry Berte
Sortie de scène|Antoine Dath
Sortie de scène|Yves Dath
Edmond|Geoffrey Boisdenghien
Edmond|Virginie Delzenne
Edmond|Bruno Destrebecq
Edmond|Pierre Durand
Edmond|Maxime Dupuis
Edmond|Philippe Duthie
Edmond|Marjorie Grosse
Edmond|Catherine Jarry
Edmond|Nathan Leclercq
Edmond|Pascal Overlau
Edmond|Gautier Pettiaux
Edmond|Philippe Spinette
Edmond|Alexandra Tartini
Edmond|Lydie Baligand
Edmond|Lorry Beth
Edmond|Guillaume Boudart
Edmond|Isabelle Choquet
Edmond|Maïté Dignef
Edmond|Martine Vande Veegaete
Edmond|André Derval
Edmond|Laurence Duhayon
Edmond|Colette Godfrin
Edmond|Armelle Hardy
Edmond|Annick Picron
Edmond|Audrey Van Hecke
Edmond|Nadège Van Hecke
